id,pillar,text
1,rage,Your favorite trader only posts his winners. You know what a fund calls that? A marketing budget.
2,edu,A stop isn't 'just in case'. It's the line where your idea is proven wrong. No line = no trade, just a bet.
3,intel,My system learns more from its losses than its wins. The samples where it was wrong weigh more. Retail does the opposite — it deletes the losses.
4,rage,If your strategy needs you to be right more than half the time, you don't have a strategy. You have a self-esteem problem.
5,cta,I don't sell signals. I show the method — and the losses. Free 5-rule guide → send FQ on Telegram: https://t.me/RASDG05
6,secret,Backtest = hypothesis. Edge = what survives data you never saw. That difference is the whole job.
7,rage,If a guru's edge were real, the last thing he'd do is sell it to you for $49 a month.
8,avatar,9am meeting. 2pm lunch. 6pm wiped. The market moved all day without you. That's not bad luck — it's the cost of trading without a system that works while you don't.
9,edu,Killzones matter more than your indicator. The hour you trade is part of the edge.
10,cta,Want the framework, not the hype? Free guide: invalidation, risk, asymmetry, and how to measure your expectancy. Send FQ → https://t.me/RASDG05
11,rage,Indicators don't predict price. They describe the past in a prettier font.
12,intel,After every signal I know exactly what triggered it. If you can't explain why you entered, you didn't have a reason — you had a feeling.
13,rage,The market doesn't pay you for being right. It pays you for asymmetry. That's why your 70% win rate is broke.
14,edu,Test a thousand variants and one looks perfect by luck. It found a pattern in noise, not an edge. That's overfitting — and it's most of the curves you envy.
15,cta,I post the wins and the losses. If that's your lane, the free guide is here → send FQ on Telegram: https://t.me/RASDG05
16,secret,Knowing when NOT to trade is half the system. Silence is a position.
17,rage,You don't have a losing strategy. You have a winning one you keep overriding because you're scared.
18,intel,The market changes regime. The smart move isn't a new indicator — it's detecting the change and raising your standard.
19,avatar,You're not short on effort. More charts, more courses, more screen time, same wheel. You're short on an edge.
20,cta,No vendo señales. Te muestro el método. Guía gratis → manda FQ en Telegram: https://t.me/RASDG05
21,rage,'Trust the process' — said exclusively by people who don't have one.
22,edu,Stop labeling trades by eye. Each one gets a barrier: win, loss, or timeout. Now your data tells the truth instead of your ego.
23,intel,Quality over quantity isn't a quote. It's 1 to 3 setups a day and the discipline to skip the rest.
24,rage,Moving your stop 'a little more' isn't risk management. It's denial with leverage.
25,cta,The market pays asymmetry, not ego. Get the free 5-rule guide → send FQ on Telegram: https://t.me/RASDG05
26,secret,Price isn't random. It's just higher-dimensional than your RSI.
27,rage,A pretty equity curve isn't an edge. It's a coincidence with good lighting.
28,intel,You can't out-discipline your own dopamine at 3am. That's not a mindset problem — it's why bots exist.
